Каталог;Для проверки импорта;Категории импорт;Подкатегории;Для проверки импорта
Фото/видео;Фото/видео;Стабилизация;Системы поддержки;Стабилизация
Клетки и крепления;Фото/видео;Штативы и моноподы;Стабилизаторы;Стабилизация
Аудио;Фото/видео;Оптика;Аксессуары для стабилизатора;Стабилизация
Аксессуары;Фото/видео;Импульсный свет;Штативы;Штативы и моноподы
Рюкзаки и сумки;Фото/видео;Постоянный свет;Моноподы;Штативы и моноподы
Товары для дома;Фото/видео;Мониторинг;Штативные головы;Штативы и моноподы
Красота и здоровье;Фото/видео;Студийное оборудование;Настольные треноги;Штативы и моноподы
Электротранспорт;Фото/видео;Камеры;Объективы;Оптика
;Фото/видео;Аккумуляторы;Адаптеры для объективов;Оптика
;Фото/видео;Дроны;Светофильтры;Оптика
;Фото/видео;Информационные носители;Переходные кольца;Оптика
;Фото/видео;Мобильная съёмка;Наборы для чистки;Оптика
;Клетки и крепления;Крепления;Вспышки;Импульсный свет
;Клетки и крепления;Клетки;Радиосинхронизаторы;Импульсный свет
;Клетки и крепления;Системы питания;Аксессуары;Импульсный свет
;Клетки и крепления;Follow Focus;Осветители;Постоянный свет
;Клетки и крепления;Винты и переходники;Аксессуары;Постоянный свет
;Клетки и крепления;Кабели;Светоформирующие насадки;Постоянный свет
;Аудио;Наушники;Мониторы;Мониторинг
;Аудио;Накамерные микрофоны;Рекордеры;Мониторинг
;Аудио;Петличные микрофоны;Видеосендеры;Мониторинг
;Аудио;Рекордеры и микшеры;Захват видео;Мониторинг
;Аудио;Радиосистемы;Фоны и хромакеи;Студийное оборудование
;Аудио;Студийные микрофоны;Gaffer tape;Студийное оборудование
;Аудио;Микрофонные стойки;Стойки;Студийное оборудование
;Аудио;Акустические системы;Отражатели и фрост-рамы;Студийное оборудование
;Аудио;Караоке микрофоны;Крепления и держатели;Студийное оборудование
;Аксессуары;Для смартфона;Системные камеры;Камеры
;Аксессуары;В Авто;Кинокамеры;Камеры
;Аксессуары;Для Apple AirPods;Пульты;Камеры
;Аксессуары;Для планшета и ноутбука;Студийные камеры;Камеры
;Аксессуары;Для умных часов;Экшн-камеры;Камеры
;Аксессуары;Зарядные устройства;NP-F;Аккумуляторы
;Аксессуары;Кабели, переходники и хабы;V-mount;Аккумуляторы
;Аксессуары;Прочее;Gold Mount;Аккумуляторы
;Аксессуары;Элементы питания;Для Sony;Аккумуляторы
;Аксессуары;Носимая электроника;Для Canon;Аккумуляторы
;Рюкзаки и сумки;Рюкзаки и сумки;Для Panasonic;Аккумуляторы
;Товары для дома;Для ПК;Для Fujifilm;Аккумуляторы
;Товары для дома;Умный дом;Зарядные устройства;Аккумуляторы
;Товары для дома;Графические планшеты;Квадрокоптеры;Дроны
;Товары для дома;Для кухни;Аксессуары;Дроны
;Товары для дома;Уборка;Светофильтры;Дроны
;Товары для дома;Интерьер;SD;Информационные носители
;Товары для дома;Игры и конструкторы;SDXC;Информационные носители
;Товары для дома;Инструменты;SDHC;Информационные носители
;Красота и здоровье;Здоровье;SSD;Информационные носители
;Красота и здоровье;Для спорта;Мобильная оптика;Мобильная съёмка
;Красота и здоровье;Массажёры;Микрофоны и радиосистемы;Мобильная съёмка
;Красота и здоровье;Дезинфекция;Моноподы;Мобильная съёмка
;Красота и здоровье;Гигиена;Держатели смартфона;Мобильная съёмка
;Красота и здоровье;Уход за лицом и волосами;Портативные осветители;Мобильная съёмка
;Электротранспорт;Гироскутеры;Magic Arm;Крепления
;Электротранспорт;Сегвеи;Рукоятки;Крепления
;Электротранспорт;Моноколёса;Быстросъёмные площадки;Крепления
;Электротранспорт;Электросамокаты;Компендиумы;Крепления
;Электротранспорт;Электровелосипеды;Направляющие;Крепления
;Электротранспорт;Аксессуары;Клетки;Клетки
;;;L-площадки;Клетки
;;;Каплеры;Системы питания
;;;Площадки;Системы питания
;;;Станции питания;Системы питания
;;;Механические;Follow Focus
;;;Моторизованные;Follow Focus
;;;Зубчатые кольца;Follow Focus
;;;Мониторные наушники;Наушники
;;;Bluetooth наушники;Наушники
;;;Направленные;Накамерные микрофоны
;;;Стерео;Накамерные микрофоны
;;;Ветрозащита;Накамерные микрофоны
;;;Микрофоны;Петличные микрофоны
;;;Аксессуары;Петличные микрофоны
;;;Рекордеры;Рекордеры и микшеры
;;;Микшеры;Рекордеры и микшеры
;;;Аудиоадаптеры;Рекордеры и микшеры
;;;Аналоговые;Радиосистемы
;;;Цифровые;Радиосистемы
;;;Микрофоны;Студийные микрофоны
;;;Пантографы;Студийные микрофоны
;;;Аксессуары;Студийные микрофоны
;;;Стойки;Микрофонные стойки
;;;Удочки;Микрофонные стойки
;;;Чехлы;Для смартфона
;;;Защита дисплея;Для смартфона
;;;Кольца;Для смартфона
;;;AirPods 1/2;Для Apple AirPods
;;;AirPods Pro;Для Apple AirPods
;;;Чехлы для планшета;Для планшета и ноутбука
;;;Аксессуары для планшета;Для планшета и ноутбука
;;;Чехлы для ноутбука;Для планшета и ноутбука
;;;Аксессуары для ноутбука;Для планшета и ноутбука
;;;Ремешки;Для умных часов
;;;Стекла;Для умных часов
;;;Кейсы;Для умных часов
;;;Зарядные устройства;Для умных часов
;;;Держатели;В Авто
;;;Зарядные устройства;В Авто
;;;Автовизитки;В Авто
;;;Ароматизаторы;В Авто
;;;Для уборки;В Авто
;;;Видеорегистраторы;В Авто
;;;Сетевые адаптеры;Зарядные устройства
;;;Беспроводные зарядки;Зарядные устройства
;;;QI приемники;Зарядные устройства
;;;Зарядные устройства для Mac;Зарядные устройства
;;;Внешние аккумуляторы;Зарядные устройства
;;;Type-c;Кабели, переходники и хабы
;;;Lightning;Кабели, переходники и хабы
;;;micro USB;Кабели, переходники и хабы
;;;miniJack 3.5 мм;Кабели, переходники и хабы
;;;Видеоинтерфейсы;Кабели, переходники и хабы
;;;Хабы;Кабели, переходники и хабы
;;;Умные брелки;Прочее
;;;Очки;Прочее
;;;Зонты;Прочее
;;;Подарки;Прочее
;;;Батарейки;Элементы питания
;;;Зарядные устройства;Элементы питания
;;;Умные часы;Носимая электроника
;;;Умная одежда;Носимая электроника
;;;Рюкзаки;Рюкзаки и сумки
;;;Сумки;Рюкзаки и сумки
;;;Чемоданы;Рюкзаки и сумки
;;;Чехлы для камеры;Рюкзаки и сумки
;;;Кошельки;Рюкзаки и сумки
;;;Ремни;Рюкзаки и сумки
;;;Видеокарты;Для ПК
;;;Мышки и клавиатуры;Для ПК
;;;Роутеры;Для ПК
;;;Умные колонки;Умный дом
;;;Безопасность;Умный дом
;;;IP камеры;Умный дом
;;;Графические планшеты;Умный дом
;;;Блендеры;Для кухни
;;;Чайники;Для кухни
;;;Столовые приборы;Для кухни
;;;Термосы;Для кухни
;;;Пылесосы;Уборка
;;;Роботы-пылесосы;Уборка
;;;Уход за одеждой;Уборка
;;;Очистители воздуха;Уборка
;;;Увлажнители воздуха;Уборка
;;;Светильники;Интерьер
;;;TV и медиа;Интерьер
;;;Аквариумы;Интерьер
;;;Часы и будильники;Интерьер
;;;Консоли;Игры и конструкторы
;;;Игрушки;Игры и конструкторы
;;;Конструкторы;Игры и конструкторы
;;;VR очки;Игры и конструкторы
;;;Мобильные контроллеры;Игры и конструкторы
;;;Роботы;Игры и конструкторы
;;;Карты памяти;Для ПК
;;;Compact Flash;Для ПК
;;;SSD диски;Для ПК
;;;USB flash накопители;Для ПК
;;;Умные весы;Здоровье
;;;Тонометры;Здоровье
;;;Беговые дорожки;Для спорта
;;;Тренажеры;Для спорта
;;;Для тела;Массажёры
;;;Для лица;Массажёры
;;;Перкуссионные;Массажёры
;;;УФ-лампы;Дезинфекция
;;;Антисептики;Дезинфекция
;;;Дозаторы для мыла;Гигиена
;;;Зубные щетки;Гигиена
;;;Ирригаторы;Гигиена
;;;Ушные палочки;Гигиена
;;;Бритвы;Уход за лицом и волосами
;;;Фены;Уход за лицом и волосами
;;;Машинки для стрижки;Уход за лицом и волосами
;;;Выпрямители;Уход за лицом и волосами
;;;Зеркала;Уход за лицом и волосами
;;;Для лица;Уход за лицом и волосами
