links-href;Article;Name;Brand;Garantee;Opis;Characteris;Price;;Стабилизаторы
https://kremlinstore.ru/product/stabilizator-elektronnyy-moza-mini-mi/;14172;Стабилизатор Moza Mini-Mi для смартфона;Moza;12 (мес.);Новый мобильный стабилизатор Moza имеет развитые органы управления съемкой и стабилизатором. Колесо на рукоятке аналогично тем, что используются в профессиональных фотоаппаратах и видео камерах и позволяет управлять плавно фокусировкой и зуммированием. Невероятно мощные моторы способны работать с нагрузкой до 300 грамм, позволяя повесить любой смартфон даже с дополнительным оборудованием, например профессиональным объективом. Mini-Mi - первый на рынке стабилизатор с встроенной беспроводной зарядкой, которая без лишних проводов, не позволит вашему смартфону разрядиться во время энергоемкого процесса съемки. Кроме того, вы можете зарядить и сам стабилизатор, например от внешнего аккумулятора, не прерывая процесс съемки. Moza Mini-Mi предлагает богатейшее разнообразие режимов съемки, которые помогут воплотить практически любую креативную идею. Это 3 классические режима: блокировки, панорамирования и полного следования. А так же различные комбинации наклонов и поворотов. Бесплатное мобильное приложение, доступное для iOs и Android, имеет богатейший функционал и множество профессиональных ручных настроек: фокусировки, баланса белого, светочувствительности, зум, выдержка, цветокоррекция по каналам и многое другое. Функция позволяет стабилизатору автоматически следить за выбранным объектом, поворачиваясь вслед за ним, даже если тот динамично движется. Кроме того, стабилизатор сам способен определять движущиеся объекты в кадре и следить за ними. Множество посадочных гнезд с резьбой 1/4 дюйма позволят закрепить на Mini-Mi дополнительное оборудование, будь то внешний свет, микрофон или иное оборудование. ;"Дополнительные функции :встроенная беспроводная зарядкаОсобенности конструкции :дополнительное крепление 1/4""Нагрузка :50 — 300 гШирина захвата :61 — 92 ммПитание :аккумулятор 18650Ёмкость аккумулятора :2100 мАчНапряжение :7.4 ВВремя работы :10 чВремя зарядки :3.5 чПоворот оси Tilt :165 °Поворот оси Roll :310 °Поворот оси Pan :360 °Габариты :143 ? 107 ? 290 ммВес без упаковки :543 гТемпературный диапазон :-5°/+40°САртикул производителя :MG33Страна-производитель :КитайГарантия :12 (мес.)Вес с упаковкой :1130 г";9227;;Стабилизаторы
https://kremlinstore.ru/product/28369/;28369;Стабилизатор DJI Osmo Mobile 6;DJI;12 (мес.);Новейшая модель популярной серии мобильных стабилизаторов DJI Osmo Mobile спроектирована для оперативной подготовке к работе. Магнитный держатель можно установить на смартфон заранее, чтобы потом закрепить его в одно касание. Стабилизатор имеет эргономичный дизайн, небольшой вес. Его можно всегда брать с собой в поездки, путешествия, на отдых. В сложенном состоянии он не занимает много места, идеально даже для поясной сумки. Osmo Mobile 6 имеет новую трёхосевую систему стабилизации с максимально мягким поворотом. Раскройте в себе настоящего режиссера или репортера благодаря красивым кинематографичным видео. Простая панель управления позволяет отслеживать уровень заряда аккумулятора, переключаться между режимами стабилизатора. Вы сможете подбирать подходящий для себя режим исходя из типа съемки. Легкий и понятный интерфейс значительно облегчает работу. Телескопическая конструкция позволяет использовать устройство как монопод. Вы сможете поймать в селфи всех друзей и родных, а также получить хороший обзор для крупных планов с высокого ракурса. Панель управления позволяет плавно регулировать зум и фокус при помощи бокового колесика. Вы сможете максимально точно скорректировать фокусное расстояние, увеличить или уменьшить зум. Благодаря ему также можно быстро переключиться на ручную фокусировку при необходимости. ;Особенности конструкции :встроенный дисплей, складная конструкция, магнитное крепление, телескопическая конструкцияНагрузка :170 — 290 гШирина захвата :67 — 84 ммПитание :встроенный аккумуляторЁмкость аккумулятора :1000 мАчЭнергия аккумулятора :7.74 ВтчВремя работы :6.4 чВремя зарядки :1.5 чБыстрая зарядка :Power DeliveryПоворот оси Tilt :180.2 °Поворот оси Roll :332.3 °Поворот оси Pan :335.4 °Режимы съёмки :Face Tracking, Panorama, Timelapse, Dolly Zoom, Управление жестами, SelfieГабариты :276 ? 111.5 ? 99 ммГабариты в сложенном состоянии :189 ? 84.5 ? 44 ммВес без упаковки :309 гТемпературный диапазон :от 0° до 40°САртикул производителя :CP.OS.00000213.01ВНИМАНИЕ :для пользователей iOs: на данный момент приложения DJI удалены из российского AppStore, для их установки рекомендуем воспользоваться альтернативными способамиСтрана-производитель :КитайГарантия :12 (мес.)Вес с упаковкой :640 г;17990;;Стабилизаторы
https://kremlinstore.ru/product/stabilizator-elektronnyy-moza-aircross-2/;21027;Стабилизатор MOZA AirCross 2;MOZA;12 (мес.);"Конструкция долгожданного Aircross 2 выполнен из магниевого сплава, что позволило значительно снизить массу стабилизатора до 1 кг, но увеличить его грузоподъёмность до 3,2 кг. Благодаря более просторной пластине для посадки камеры, удалось увеличить число совместимых моделей зеркальных и беззеркальных аппаратов. Высокомощный аккумулятор на 3000 мАч обеспечит до 12 часов работы, даже при максимальной нагрузке. Батарея поддерживает технологию быстрой зарядки, а Type-C подключение, при наличии зарядного устройства на 18 Вт, позволит пополнить энергозапас с 0 до 100% всего за 1.5 часа. Также предусмотрены выходы Multi-CAN на 7.8В. Inception Mode 3.0 - режим позволяет добиться эффекта из фильма ""Начало"", при котором камера вращается вокруг оси. Обновленная версия получила умный контроль скорости и угла наклона. FPV включает режим ""фонарика"" с вращением камеры. Особенно впечатляюще выглядит пролет на уровне пояса, вокруг множества объектов. Спортивный режим комбинирует резкие повороты с мягким слежением. С его помощью можно эффектно перевести камеру с одного объекта на другой. Стабилизатор получил функцию мимического контроля, для которой теперь не нужен отдельный пульт, достаточно лишь вашего смартфона с установленным приложением. Aircross 2 будет повторять все движения в пространстве, что поможет снять прекрасные и плавные пролеты камерой. Добавлена и функция слежения за объектом. Необходимо лишь выделить объект в интерфейсе приложения и камера больше не спустит с него глаз. Конструкторы Gudsen Moza с особым вниманием отнеслись к управлению стабилизатором. Яркий LED экран, умное колесо и джойстик помогут вам настроить работу Aircross 2, а также управлять камерой. Интеллектуальная система способна сама подобрать верные параметры калибровки, избавляя вас от этой процедуры, а видео от нежелательных вибраций. Удобная эргономичная ручка приятна в использовании. Для простоты работы и транспортировки, на плечи стабилизатора добавлена возможность заблокировать их по каждой из трёх осей. Для установки дополнительного съёмочного оснащения предусмотрено одно отверстие под винт 3/8"". Также присутствуют порты Multi-CAN при помощи которых можно запитать моторы follow focus и иные устройства. В комплекте с Aircross 2 добавлена L-образная площадка, которая, благодаря своей необычной форме, позволяет поставить камеру как горизонтально, так и вертикально. ";"Особенности конструкции :встроенный дисплей, дополнительное крепление 3/8""Нагрузка :300 — 3200 гПитание :ACP03Ёмкость аккумулятора :3000 мАчЭнергия аккумулятора :21.6 ВтчВремя работы :12 чВремя зарядки :1.5 чПоворот оси Tilt :360 °Поворот оси Roll :360 °Поворот оси Pan :360 °Габариты :240 ? 170 ? 390 ммВес без упаковки :1050 гАртикул производителя :ACGN01Страна-производитель :КитайГарантия :12 (мес.)Вес с упаковкой :2550 г";24990;;Стабилизаторы
https://kremlinstore.ru/product/stabilizator-moza-aircross-2-utsenennyy-kat-a/;27088;Стабилизатор MOZA AirCross 2 (Уцененный Кат А.);MOZA;6 (мес.);"Внимание! Категория уценки ""A"" означает: полная комплектация без следов эксплуатации, но повреждена упаковка и/или пломба, либо незначительные недостатки. На товар распространяется полная гарантия сроком 6 месяцев. Детали уточняйте у менеджера после оформления заказа. Конструкция долгожданного Aircross 2 выполнен из магниевого сплава, что позволило значительно снизить массу стабилизатора до 1 кг, но увеличить его грузоподъёмность до 3,2 кг. Благодаря более просторной пластине для посадки камеры, удалось увеличить число совместимых моделей зеркальных и беззеркальных аппаратов. Высокомощный аккумулятор на 3000 мАч обеспечит до 12 часов работы, даже при максимальной нагрузке. Батарея поддерживает технологию быстрой зарядки, а Type-C подключение, при наличии зарядного устройства на 18 Вт, позволит пополнить энергозапас с 0 до 100% всего за 1.5 часа. Также предусмотрены выходы Multi-CAN на 7.8В. Inception Mode 3.0 - режим позволяет добиться эффекта из фильма ""Начало"", при котором камера вращается вокруг оси. Обновленная версия получила умный контроль скорости и угла наклона. FPV включает режим ""фонарика"" с вращением камеры. Особенно впечатляюще выглядит пролет на уровне пояса, вокруг множества объектов. Спортивный режим комбинирует резкие повороты с мягким слежением. С его помощью можно эффектно перевести камеру с одного объекта на другой. Стабилизатор получил функцию мимического контроля, для которой теперь не нужен отдельный пульт, достаточно лишь вашего смартфона с установленным приложением. Aircross 2 будет повторять все движения в пространстве, что поможет снять прекрасные и плавные пролеты камерой. Добавлена и функция слежения за объектом. Необходимо лишь выделить объект в интерфейсе приложения и камера больше не спустит с него глаз. Конструкторы Gudsen Moza с особым вниманием отнеслись к управлению стабилизатором. Яркий LED экран, умное колесо и джойстик помогут вам настроить работу Aircross 2, а также управлять камерой. Интеллектуальная система способна сама подобрать верные параметры калибровки, избавляя вас от этой процедуры, а видео от нежелательных вибраций. Удобная эргономичная ручка приятна в использовании. Для простоты работы и транспортировки, на плечи стабилизатора добавлена возможность заблокировать их по каждой из трёх осей. Для установки дополнительного съёмочного оснащения предусмотрено одно отверстие под винт 3/8"". Также присутствуют порты Multi-CAN при помощи которых можно запитать моторы follow focus и иные устройства. В комплекте с Aircross 2 добавлена L-образная площадка, которая, благодаря своей необычной форме, позволяет поставить камеру как горизонтально, так и вертикально. ";"Снят с производства :ДаОсобенности конструкции :встроенный дисплей, дополнительное крепление 3/8""Нагрузка :300 — 3200 гПитание :ACP03Ёмкость аккумулятора :3000 мАчЭнергия аккумулятора :21.6 ВтчВремя работы :12 чВремя зарядки :1.5 чПоворот оси Tilt :360 °Поворот оси Roll :360 °Поворот оси Pan :360 °Габариты :240 ? 170 ? 390 ммВес без упаковки :1050 гСтрана-производитель :КитайГарантия :6 (мес.)Вес с упаковкой :2550 г";19990;;Стабилизаторы
https://kremlinstore.ru/product/28923/;28923;Стабилизатор Zhiyun Smooth 5S Combo Серый;Zhiyun;12 (мес.);Мастерская Zhiyun не останавливается на достигнутом и новое поколение мобильных стедикамов тому подтверждение. Эргономика старых популярных моделей подкрепленная обновленным функционалом даст возможность снять свой лучший сюжет с кинематографичной плавностью. Конструкция подвеса спроектирована в соответствии с современными стандартами, а профессиональная стабилизация любой оси гарантирует получение качественного материала. Самый популярные режимы были доработаны, чтобы вы смогли получить лучший результат. Dolly Zoom можно воспроизвести как при помощи колесика, так и через приложение. Не забыли и про полюбившийся многим Vortex, а также креативные Time Lapse. Необычный режим MagicClone Panorama поможет сделать забавное фото, на котором один человек сможет себя попробовать в разных ролях. На подвес установлена светодиодная панель яркостью в 650люкс, благодаря чему вы сможете выделить главное в кадре. Также есть возможность установки дополнительного осветителя, способного выдать до 2040 люкс на 0.3м. Цветовая температура 5500К, а индекс цветопередачи CRI 90+. Встроенная в рукоятку батарея обеспечивает функционирование Smooth 5S на время от 24 до 2.5 часов в зависимости от интенсивности работы. Пополнить энергозапас можно посредством скоростного порта Type-C PD. Сетевой адаптер на 15 Вт справится с этой задачей за 2 часа. ;Нагрузка :150 — 300 гПитание :встроенный аккумуляторВремя работы :24 чВремя зарядки :2 чПоворот оси Tilt :209 °Поворот оси Roll :259 °Поворот оси Pan :180 °Габариты :311 ? 168 ? 52 ммВес без упаковки :625 гАртикул производителя :A03273Совместимость :ZY Cami, StaCam, Filmic Pro Functionality: Adjust Settings, Remote Control, Setup, View Live FeedСтрана-производитель :КитайГарантия :12 (мес.)Вес с упаковкой :1530 г;18990;;Стабилизаторы
https://kremlinstore.ru/product/stabilizator-elektronnyy-zhiyun-crane-m2/;17056;Стабилизатор Zhiyun Crane M2;Zhiyun;12 (мес.);"Компактный и лёгкий стабилизатор от Zhiyun поддерживает работу сразу с тремя различными видами устройств. Вы сможете установить на него смартфон, GoPro или даже легковесную беззеркальную камеру. Шесть художественных режимов съёмки помогут вам раскрыть свой творческий потенциал, и система запоминания настроек позволит сэкономить время для подготовки к работе. Всего лишь нажатием кнопки на ручке стабилизатора вы сможете сменять режимы работы Crane M2. Доступны блокировки одной из осей и всех одновременно. Также предусмотрен POV режим с красивым наклоном, и Vortex с вращением вокруг оси. Привычный спортивный режим тут получил название GO и превосходно подойдет для съёмки с быстрой сменой кадра. Для контроля за функциями и рабочими параметрами на рукоятке стедикама присутствует LED дисплей. Сменить режим можно при помощи кнопки ""M"", а классический красный кружочек служит для спуска. На правую сторону отдельно вынесен контроль приближения. Фирменное приложение Zhiyun даст более удобную настройку рабочих параметров, и даже сможет превратить ваш смартфон в пульт управления при съёмке с камеры. Стабилизатор можно заблокировать в одно движение, что очень удобно для хранения и транспортировки. В комплекте со стабилизатором идет универсальная площадка, с длинным отверстием для крепления камеры и коротким для смартфона и GoPro. Специальный зажим позволяет ""запомнить"" настройки балансировки, а значит в следующий раз вам не придется останавливаться на этой процедуре. ";Особенности конструкции :встроенный дисплейНагрузка :130 — 720 гВремя работы :7 чВремя зарядки :2 чПоворот оси Tilt :310 °Поворот оси Roll :324 °Поворот оси Pan :360 °Материал :пластикАртикул производителя :C020016EURСтрана-производитель :КитайГарантия :12 (мес.)Вес с упаковкой :940 г;24990;;Стабилизаторы
https://kremlinstore.ru/product/28924/;28924;Cтабилизатор Zhiyun Smooth 5S Серый;Zhiyun;12 (мес.);Мастерская Zhiyun не останавливается на достигнутом и новое поколение мобильных стедикамов тому подтверждение. Эргономика старых популярных моделей подкрепленная обновленным функционалом даст возможность снять свой лучший сюжет с кинематографичной плавностью. Конструкция подвеса спроектирована в соответствии с современными стандартами, а профессиональная стабилизация любой оси гарантирует получение качественного материала. Самый популярные режимы были доработаны, чтобы вы смогли получить лучший результат. Dolly Zoom можно воспроизвести как при помощи колесика, так и через приложение. Не забыли и про полюбившийся многим Vortex, а также креативные Time Lapse. Необычный режим MagicClone Panorama поможет сделать забавное фото, на котором один человек сможет себя попробовать в разных ролях. На подвес установлена светодиодная панель яркостью в 650люкс, благодаря чему вы сможете выделить главное в кадре. Также есть возможность установки дополнительного осветителя (приобретается отдельно), способного выдать до 2040 люкс на 0.3м. Цветовая температура 5500К, а индекс цветопередачи CRI 90+. Встроенная в рукоятку батарея обеспечивает функционирование Smooth 5S на время от 24 до 2.5 часов в зависимости от интенсивности работы. Пополнить энергозапас можно посредством скоростного порта Type-C PD. Сетевой адаптер на 15 Вт справится с этой задачей за 2 часа. ;Нагрузка :150 — 300 гПитание :встроенный аккумуляторВремя работы :24 чВремя зарядки :2 чПоворот оси Tilt :209 °Поворот оси Roll :259 °Поворот оси Pan :180 °Габариты :311 ? 168 ? 52 ммВес без упаковки :625 гАртикул производителя :A03272Совместимость :ZY Cami, StaCam, Filmic Pro Functionality: Adjust Settings, Remote Control, Setup, View Live FeedСтрана-производитель :КитайГарантия :12 (мес.)Вес с упаковкой :1000 г;14990;;Стабилизаторы
https://kremlinstore.ru/product/29607/;29607;Стабилизатор Zhiyun Crane 2;Zhiyun;12 (мес.);Второе поколение самого качественного и популярного одноручного электронного стабилизатора для камер в Мире призван упрочить лидерство на рынке благодаря множеству инновационных преимуществ: Crane 2 - первый в Мире стабилизатор, оснащенный встроенной возможностью управления фокусом камеры прямо с рукоятки при помощи соответствующего диска. Пользователь может настраивать скорость фокусировки, выбрав из 4х режимов. Подключение происходит комплектным кабелем. Совместимость с камерами Canon. Для камер Sony и Panasonic необходим механический контроллер фоллоу фокуса Zhiyun Servo Follow Focus CMF-01 (прошивка Crane 2 должна быть минимум 1.70). Crane 2 - первый в Мире стабилизатор, оснащенный встроенной возможностью управления фокусом камеры прямо с рукоятки при помощи соответствующего диска. Пользователь может настраивать скорость фокусировки, выбрав из 4х режимов. Подключение происходит комплектным кабелем. Совместимость с камерами Canon. Для камер Sony и Panasonic необходим механический контроллер фоллоу фокуса Zhiyun Servo Follow Focus CMF-01 (прошивка Crane 2 должна быть минимум 1.70). Инновационный миниатюрный диск управления, который функционирует и как кнопка, расположился на рукоятке. Он является как бы выносным элементом управления камеры и позволяет моментально менять настройки ISO, Выдержку, Диафрагму, Компенсацию экспозиции и др. (для совместимых камер). Уже 6е алгоритмическое поколение моторов позволило увеличить максимальную нагрузку до 3.2 килограмм, а время отклика сократить вдвое, перекрыв весь рынок полупрофессиональных и значительную долю профессиональных камер, обеспечивая кинематографически плавную стабилизацию даже в экстремальных условиях. Три энергоэффективные аккумулятора 18650 емкостью 6000mah позволяют Crane 2 проработать на одном заряде беспрецедентные 18 часов, позволяя к тому же заряжать камеру во время работы (для совместимых камер). Второй Crane оснащен быстросъемной площадкой стандарта Manfrotto, позволяющей быстро снимать и ставить камеру со стабилизатора на штатив и обратно. Crane 2 комплектуется проводами для управления камерами, триподом из авиационного алюминия и транспортировочным кейсом. Кроме того обновленная версия 2018 года теперь включает механический модуль Servo Focus, для управления фокусировкой на любой камере. Новинка оснащена системой плавного опускания, предотвращающей повреждение камеры или объектива при резком падении в результате разрядки аккумуляторов. ;Нагрузка :500 — 3200 гПитание :аккумулятор 18650 х3Время работы :18 чВремя зарядки :2.5 чПоворот оси Tilt :320 °Поворот оси Roll :360 °Поворот оси Pan :360 °Габариты :210 ? 118 ? 450 ммВес без упаковки :1250 гТемпературный диапазон :-10°С/+45°ССтрана-производитель :КитайГарантия :12 (мес.)Вес с упаковкой :1 г;24990;;Стабилизаторы
https://kremlinstore.ru/product/29189/;29189;Стабилизатор DJI RS 3 Mini;DJI;12 (мес.);"Первая миниатюрная модель профессионального стабилизатора в серии RS создана специально для беззеркальных камер. RS 3 Mini весит менее 800г, что легче RS 3 на 40%, а RS 3 Pro на целых 50%, а значит процесс съёмки станет еще более лёгким и вы сможете дольше отдаваться творчеству. Самая передовая система стабилизации третьего поколения от DJI позволяет работать с полезной нагрузкой до 2 кг. Потрясающая плавность и кинематографичность кадра гарантирована даже при съёмке на бегу. Инновационная конструкция позволяет установить площадку стандарта ARCA с камерой прямо на плечо оси Tilt, что позволяет снимать в вертикальном формате без дополнительных приспособлений. Предусмотрено крепление Nato для установки дополнительных аксессуаров вроде рукоятки. Цветной сенсорный дисплей 1.4""делает управление RS 3 Mini простым и интуитивно понятным. Все органы управления расположены максимально удобны для контроля работы одной рукой. Также есть возможность подключить мобильное приложение для использования особых режимов. Запас аккумулятора в рукоятке обеспечит 10 часов беспрерывной работы, чего хватит на целый рабочий день. Благодаря быстрой зарядке Type-C подзарядить стедикам можно всего за 2.5 часа. ";Особенности конструкции :сенсорный дисплейНагрузка :400 — 2000 гПитание :встроенный аккумуляторЁмкость аккумулятора :2450 мАчНапряжение :7.2 ВЭнергия аккумулятора :17.64 ВтчВремя работы :10 чВремя зарядки :2.5 чБыстрая зарядка :Power DeliveryПоворот оси Tilt :320 °Поворот оси Roll :335 °Поворот оси Pan :360 °Режимы съёмки :Panorama, Timelapse, Pan Following, FPV, Pan + Tilt Following, TrackГабариты :180 ? 159 ? 296 ммГабариты в сложенном состоянии :323 ? 195 ? 98 ммВес без упаковки :795 гВНИМАНИЕ :для пользователей iOs: на данный момент приложения DJI удалены из российского AppStore, для их установки рекомендуем воспользоваться альтернативными способамиСтрана-производитель :КитайГарантия :12 (мес.)Вес с упаковкой :1537 г;38990;;Стабилизаторы
https://kremlinstore.ru/product/29204/;29204;Стабилизатор Feiyu SCORP-Mini;Feiyu;12 (мес.);"Стабилизатор Feiyu SCORP-Mini - это облегченная модель, что имеет удобную конструкцию с хватом, позволяющим снимать в любом положении. Он подходит для беззеркальной камеры, смартфона и экшн камеры, что делает его универсальным и удобным для использования в различных условиях. Сенсорный дисплей 1.3"" и мобильное приложение позволяют управлять настройками стабилизатора и контролировать процесс съемки. Feiyu SCORP-Mini поддерживает множество режимов съемки, что позволяет создавать красивое кино с эффектами стабилизации и плавных переходов. Он является незаменимым инструментом для профессиональных фотографов и видеографов, а также для любителей, которые хотят получить высококачественные снимки без дополнительных усилий. Изготовленный из легкого алюминия и сплава магния, вес стабилизатора всего 787 грамм, что позволяет брать его с собой в путешествия и использовать на длительных съемках без дискомфорта.";Особенности конструкции :встроенный дисплейНагрузка :— 1200 гПитание :встроенный аккумуляторЁмкость аккумулятора :2500 мАчНапряжение :8.4 ВВремя работы :13 чВремя зарядки :1.6 чБыстрая зарядка :Power DeliveryПоворот оси Tilt :155 °Поворот оси Roll :40 °Поворот оси Pan :360 °Быстросъёмная площадка :Arca SwissГабариты :228 ? 179 ? 272 ммГабариты в сложенном состоянии :227 ? 114 ? 288 ммВес без упаковки :787 гМатериал :алюминий, резинаАртикул производителя :FY SCORP-MINIСтрана-производитель :КитайГарантия :12 (мес.)Вес с упаковкой :1436 г;24490;;Стабилизаторы
https://kremlinstore.ru/product/zhiyun-smooth-x/;20587;Стабилизатор Zhiyun Smooth X Серый;Zhiyun;12 (мес.);"Новинка 2020 года - это самый компактный на данный момент стабилизатор от Zhiyun. Модель Smooth X в сложенном состоянии не превышает длины среднего смартфона и с легкостью поместится в сумку или даже карман. Малыш справится с нагрузкой в 235 г, а благодаря простой конструкции и быстрой балансировке подготовить его к работе будет очень просто. Второй особенностью стабилизатора стало наличие телескопической ручки, что позволяет использовать стабилизатор как селфи-палку! Достаточно раздвинуть конструкцию гаджета и вы сможете снять себя и всех своих друзей. Как и другие модели, Smooth X имеет крепление для винта 1/4"""""""", значит его можно установить на штатив или настольную треногу. Гаджет может снимать как в горизонтальном, так и в вертикальном положении, что отлично подойдет для любителей instagram и Tik-Tok. Для этого необходимо всего лишь дважды щелкнуть по клавише на ручке. При помощи фирменного приложения ZY Cami вы сможете редактировать снятый материал прямо на смартфоне, а умная функция слежения за объектом поможет снять красивые пролеты камеры. """"""";Особенности конструкции :встроенный дисплейНагрузка :— 1200 гПитание :встроенный аккумуляторЁмкость аккумулятора :2500 мАчНапряжение :8.4 ВВремя работы :13 чВремя зарядки :1.6 чБыстрая зарядка :Power DeliveryПоворот оси Tilt :155 °Поворот оси Roll :40 °Поворот оси Pan :360 °Быстросъёмная площадка :Arca SwissГабариты :228 ? 179 ? 272 ммГабариты в сложенном состоянии :227 ? 114 ? 288 ммВес без упаковки :787 гМатериал :алюминий, резинаАртикул производителя :FY SCORP-MINIСтрана-производитель :КитайГарантия :12 (мес.)Вес с упаковкой :1436 г;24490;;Стабилизаторы
https://kremlinstore.ru/product/dk-slvd-01/;24679;Стабилизатор Sirui DUKEN Switch X Perk E Светлый серый + Анаморфный объектив;Sirui;12 (мес.);В расширенный комплект стабилизатора вошёл анаморфный объектив Sirui ! Благодаря ему вы сможете достичь по-настоящему киношной картинки с нестандартным форматом кадра, а также красивым растянутым бликам. Switch X - это мобильный двухосевой стабилизатор, настольный штатив и монопод в одном компактном корпусе! Складная конструкция позволяет взять устройство с собой на прогулку или в дальнее путешествие и оно не займет много места. Отличительной особенностью стала рукоятка! Её нижняя часть раскладывается на три ножки, что избавляет от необходимости накручивать треногу. Телескопическая ручка превращает Switch X в монопод или позволяет поднять смартфон повыше в режиме штатива. Держатель для смартфона имеет быстросъёмную конструкцию. Чтобы отсоединить его, достаточно лишь небольшого поворота. Так вы сэкономите время на мучительной установке гаджета. Подойдут смартфоны до 240 г, шириной до 88 мм и толщиной не более 10 мм. Всё необходимое для управления находится на рукоятке. Джойстиком можно управлять направление камеры, а кнопка M поможет быстро поменять режим съёмки. Сделать селфи или поменять ориентацию смартфона можно одним нажатеим. ;Особенности конструкции :складная конструкция, телескопическая ручка, быстросъёмный держательНагрузка :— 240 гШирина захвата :68 — 88 ммПитание :встроенный аккумуляторЁмкость аккумулятора :1000 мАчВремя работы :8 чВремя зарядки :1.5 чПоворот оси Roll :330 °Поворот оси Pan :326 °Габариты в сложенном состоянии :155 ? 90 ? 72 ммВес без упаковки :298 гАртикул производителя :DK-SL+VD-01ВНИМАНИЕ :для первого включения необходима активация в приложенииСтрана-производитель :КитайГарантия :12 (мес.)Вес с упаковкой :786 г;9490;;Стабилизаторы
https://kremlinstore.ru/product/stabilizator-dji-ronin-rs-2-comb/;22454;Стабилизатор DJI RS 2 Pro Combo;DJI;12 (мес.);Новейший стабилизатор от DJI имеет несколько конструктивных особенностей, что выгодно его выделяет на фоне прошлых моделей. Цельный корпус из углепластика делает конструкцию прочной, но при этом легкой, что крайне важно при продолжительной работе. В Pro Combo к стандартному комплекту добавлен мотор системы Follow Focus, беспроводной передатчик видеосигнала и держатель смартфона для еще большего удобства и воплощения любых творческих задумок. При массе всего в 1 кг, стабилизатор способен справиться с весом в 4.5 кг, на данный момент это лучшее соотношение нагрузки среди конкурентов. Для удобства установки камеры предусмотрена особая быстросъемная площадка совместимая с Arca Swiss и Manfrotto. Полностью новый сенсорный цветной дисплей поможет сделать настройку и работу со стабилизатором максимально удобной. Одним пальцем вы сможете выбрать режим работы, не отвлекаясь от процесса съемки, а его разрешения хватит даже для трансляции видео С задней стороны рукоятки к привычному курку добавлено функциональное колесико. Переработанный алгоритм стабилизации Titan даёт невероятно плавное скольжение кадра, даже во время сильной тряски. Режим SuperSmooth станет настоящим спасением обладателей 100м zoom-объективов, так как сгладит даже самые незначительные вибрации. Для комфортной калибровки предусмотрена возможность блокировки осей. ;Дополнительные функции :мотор Follow FocusОсобенности конструкции :встроенный дисплей, сенсорный дисплей, блокировка осейНагрузка :300 — 4500 гПитание :собственный аккумуляторЁмкость аккумулятора :1950 мАчЭнергия аккумулятора :30.03 ВтчВремя работы :12 чВремя зарядки :1.5 чБыстрая зарядка :Quick Charge 2.0, Power DeliveryПоворот оси Tilt :360 °Поворот оси Roll :360 °Поворот оси Pan :360 °Режимы съёмки :Panorama, Timelapse, Time tunnelБыстросъёмная площадка :Arca Swiss, ManfrottoГабариты :410 ? 260 ? 195 ммГабариты в сложенном состоянии :260 ? 265 ? 195 ммВес без упаковки :1072 гМатериал :карбонАртикул производителя :CP.RN.00000094.01ВНИМАНИЕ :для пользователей iOs: на данный момент приложения DJI удалены из российского AppStore, для их установки рекомендуем воспользоваться альтернативными способамиСовместимость :iOS 11 +  Android 7.0 +Страна-производитель :КитайГарантия :12 (мес.)Вес с упаковкой :4000 г;69990;;Стабилизаторы
https://kremlinstore.ru/product/stabilizator-zhiyun-crane-3s/;19765;Стабилизатор Zhiyun Crane 3S;Zhiyun;12 (мес.);В условиях современного кинопроизводства постоянно изменяющаяся съемочная обстановка требует гибкости в выборе комбинаций оборудования, а также все более компактных решений для его установки или стабилизации. Компания Zhiyun, отвечая на эти вызовы, решает усовершенствовать серию стабилизаторов Crane. Представляем новый стабилизатор Zhiyun Crane 3S для зеркальных, беззеркальных и кинокамер. Он создан на основании многолетнего опыта компании и отличается сверхмощными моторами и инновационным модульным дизайном, позволяющим использовать стабилизатор для решения множества различных задач съемки. В стабилизатор установлены новые сверхмощные моторы, способные стабилизировать приведенную нагрузку до 6.5 кг. Для связок «камера+объектив» большого размера плечо оси крена стабилизатора можно удлинить, присоединив планку расширения плеча. Для моделей меньшего размера эту планку можно снять, сделав стабилизатор более компактным. Стабилизатор оборудован съемной верхней рукояткой, которая может быть двух видов: рукоятка TransMount EasySling Handle, обеспечивающая компактность стабилизатора, и рукоятка SmartSling Handle, оборудованная панелью управления и OLED-дисплеем. Корпус стабилизатора оборудован большим количеством резьбовых отверстий для крепления широкого набора оборудования – моторизированной тележки, операторского крана, тросового подвеса, видеообвеса Easyrig и других необходимых элементов киносъемочного процесса. Crane 3S обладает разъемом для внешнего питания (25.2 В постоянного тока). Батарейный блок питания TransMount PowerPlus Battery Pack вмещает 6 батарей типа 18650 и обеспечивает увеличенное время работы стабилизатора*, а также может выступать источником питания для других Ваших устройств. *При питании от установленных в корпус батарей стабилизатор Crane 3S способен работать до 12 часов, а при питании от блока TransMount PowerPlus Battery Pack время работы увеличится до 18 ч. Плечо оси крена стабилизатора наклонено под углом 55 градусов и оставляет больше пространства для визирования по ЖК-дисплею, а также для установки оборудования большего размера. Для улучшения качества работы с кинооборудованием список совместимых связок «камера+объектив» расширен. Ручная фокусировка и изменение фокусного расстояния могут производиться одновременно при помощи колеса фокусировки на корпусе стабилизатора и колеса на верхней рукоятке SmartSling Handle. Система ViaTouch 2.0 позволяет объединить в одну систему работы смартфон, камеру и стабилизатор. Настройками работы камеры и стабилизатора можно управлять в режиме реального времени. Технологии Smart Follow Focus и SyncMotion позволяют полностью контролировать настройки камеры на сенсорном экране. (Для реализации этого сценария управления необходимо приложение ZY Play и передатчик изображения TransMount Image Transmission Transmitter).;Особенности конструкции :блокировка осейНагрузка :600 — 6500 гПитание :аккумулятор 18650 х3Напряжение :5 ВВремя работы :12 чВремя зарядки :4 чПоворот оси Tilt :360 °Поворот оси Roll :330 °Поворот оси Pan :360 °Габариты :346 ? 98 ? 344 ммВес без упаковки :2500 гТемпературный диапазон :-10°/45°САртикул производителя :C020017INTСтрана-производитель :КитайГарантия :12 (мес.)Вес с упаковкой :4900 г;74990;;Стабилизаторы
https://kremlinstore.ru/product/sirui-pocket-stabilizer-plus-chernyy/;15402;Стабилизатор Sirui Pocket Stabilizer Plus  Черный;Sirui;мес;"Самый легкий в мире стабилизатор для смартфонов от Sirui станет прекрасным решением для тех, кто ценит простоту, удобство и доступность. По-настоящему карманная модель сможет стабилизировать видео записываемое на гаджет в любой момент, так как благодаря малым габаритам вы везде сможете брать его с собой. В версии Plus в комплекте вы также найдете компактный монопод-штатив THS-01KX с bluetooth пультом управления, благодаря которому вы сможете снимать фото и видео дистанционно. Модель выполнена качественно, приятно ощущается в руке и имеет шарнирную головку, что даст возможность установить смартфон и стабилизатор под любым углом. Модель позволяет устанавливать смартфоны как в горизонтальном, так и в вертикальном положении, а максимальной ширины держателя хватит даже для iPhone Xs Max. В нижней части установлен яркий светодиод, что будет полезен при съёмке в недостаточной освещенности. На задней стенке присутствует зеркальце, которое поможет вам сделать качественное селфи. В основании стабилизатора имеется отверстие для креплений 1/4"", благодаря которому вы можете установить стабилизатор на штатив, монопод или любое другое крепление для съёмки. Встроенного аккумулятора на 1000 мАч хватит на целых 3 часа постоянной работы. Это вполне достаточно, чтобы снять видео для блога или провести трансляцию прямо на ходу. ";Дополнительные функции :фонарикОсобенности конструкции :зеркалоНагрузка :50 — 250 гВремя работы :3 чВес без упаковки :145 гАртикул производителя :VK-2KСтрана-производитель :КитайВес с упаковкой :425 г;3990;;Стабилизаторы
https://kremlinstore.ru/product/stabilizator-zhiyun-smooth-x-dlya-smartfona-belyy/;20788;Стабилизатор Zhiyun Smooth X Белый;Zhiyun;12 (мес.);"Новинка 2020 года - это самый компактный на данный момент стабилизатор от Zhiyun. Модель Smooth X в сложенном состоянии не превышает длины среднего смартфона и с легкостью поместится в сумку или даже карман. Малыш справится с нагрузкой в 235 г, а благодаря простой конструкции и быстрой балансировке подготовить его к работе будет очень просто. Второй особенностью стабилизатора стало наличие телескопической ручки, что позволяет использовать стабилизатор как селфи-палку! Достаточно раздвинуть конструкцию гаджета и вы сможете снять себя и всех своих друзей. Как и другие модели, Smooth X имеет крепление для винта 1/4"", значит его можно установить на штатив или настольную треногу. Гаджет может снимать как в горизонтальном, так и в вертикальном положении, что отлично подойдет для любителей instagram и Tik-Tok. Для этого необходимо всего лишь дважды щелкнуть по клавише на ручке. При помощи фирменного приложения ZY Cami вы сможете редактировать снятый материал прямо на смартфоне, а умная функция слежения за объектом поможет снять красивые пролеты камеры. ";Особенности конструкции :складная конструкция, телескопическая ручкаНагрузка :50 — 225 гШирина захвата :50 — 90 ммПитание :встроенный аккумуляторЁмкость аккумулятора :1000 мАчВремя работы :5.5 чВремя зарядки :3 чПоворот оси Roll :285 °Поворот оси Pan :300 °Режимы съёмки :Object Tracking, Panorama, Timelapse, Slow MotionГабариты :57 ? 56 ? 263 ммГабариты в сложенном состоянии :65 ? 56 ? 145 ммВес без упаковки :246 гТемпературный диапазон :-10°/45°САртикул производителя :SMOOTH-X (WHITE)Страна-производитель :КитайГарантия :12 (мес.)Вес с упаковкой :407 г;4990;;Стабилизаторы
https://kremlinstore.ru/product/dk-sdvd-01/;24678;Стабилизатор Sirui DUKEN Switch X Perk F Тёмный серый + Анаморфный объектив;Sirui;12 (мес.);В расширенный комплект стабилизатора вошёл анаморфный объектив Sirui ! Благодаря ему вы сможете достичь по-настоящему киношной картинки с нестандартным форматом кадра, а также красивым растянутым бликам. Switch X - это мобильный двухосевой стабилизатор, настольный штатив и монопод в одном компактном корпусе! Складная конструкция позволяет взять устройство с собой на прогулку или в дальнее путешествие и оно не займет много места. Отличительной особенностью стала рукоятка! Её нижняя часть раскладывается на три ножки, что избавляет от необходимости накручивать треногу. Телескопическая ручка превращает Switch X в монопод или позволяет поднять смартфон повыше в режиме штатива. Держатель для смартфона имеет быстросъёмную конструкцию. Чтобы отсоединить его, достаточно лишь небольшого поворота. Так вы сэкономите время на мучительной установке гаджета. Подойдут смартфоны до 240 г, шириной до 88 мм и толщиной не более 10 мм. Всё необходимое для управления находится на рукоятке. Джойстиком можно управлять направление камеры, а кнопка M поможет быстро поменять режим съёмки. Сделать селфи или поменять ориентацию смартфона можно одним нажатеим. ;Особенности конструкции :складная конструкция, телескопическая ручка, быстросъёмный держательНагрузка :— 240 гШирина захвата :68 — 88 ммПитание :встроенный аккумуляторЁмкость аккумулятора :1000 мАчВремя работы :8 чВремя зарядки :1.5 чПоворот оси Roll :330 °Поворот оси Pan :326 °Габариты в сложенном состоянии :155 ? 90 ? 72 ммВес без упаковки :298 гАртикул производителя :DK-SD+VD-01ВНИМАНИЕ :для первого включения необходима активация в приложенииСтрана-производитель :КитайГарантия :12 (мес.)Вес с упаковкой :786 г;9490;;Стабилизаторы
https://kremlinstore.ru/product/ctabilizator-zhiyun-cr110/;18027;Cтабилизатор Zhiyun Weebill-S;Zhiyun;12 (мес.);Weebill-S это улучшенная версия популярного Weebill, получившая на 300% увеличенный крутящий момент моторов и на 50% улучшенный отклик, что заметно повышает качество съёмочного процесса. Стабилизатор с лёгкостью справится с зеркальными и беззеркальными камерами, а благодаря функции автоматической калибровки вам не придётся тратить драгоценное время на подготовку к работе. Интеллектуальная система ViaTouch 2.0 и модуль трансляции видео в формате HD расширяют ваши возможности и дают свободу творчества. С улучшением работоспособности улучшились и режимы съёмки. Новинка имеет полюбившийся многим POV режим и Vortex. Спортивный режим здесь получил название GO, а также не забыты классические блокировки по осям. Вы можете получить невероятные по красоте кадры при помощи встроенной съёмки панорамы, таймлапсов, а также впечатляющий Long Exposure Timelapse. Инновационный алгоритм 8th Instune позволил избавиться от тряски и дрожания при съёмке в движении, а значит видео будет еще более плавным и качественным. Добавьте к этому возможность регулировать движение осей ручкой на корпусе стабилизатора и Weebill-S станет гибким универсальным помощником для видеосъёмки. В высоту стабилизатор не превышает длину листа бумаги А4, а нестандартная форма даёт больший простор в экспериментах и воплощении режиссерских задумок. Каждая из осей имеет блокировку, что удобно для транспортировки и балансировки. Одним из важных нововведений стала новая быстросъёмная площадка, совместимая со стандартами Manfrotto и Arca-Swiss одновременно. Собственный дисплей стедикама отображает важную информацию о рабочих параметрах, а также с его помощью можно выполнить настройку без необходимости включать приложение на смартфоне. ;Особенности конструкции :блокировка осейПитание :аккумулятор 18650 х2Время работы :14 чВремя зарядки :2.5 чПоворот оси Tilt :314 °Поворот оси Roll :314 °Поворот оси Pan :360 °Вес без упаковки :895 гАртикул производителя :CR110Страна-производитель :КитайГарантия :12 (мес.)Вес с упаковкой :1959 г;29990;;Стабилизаторы
https://kremlinstore.ru/product/stabilizator-zhiyun-crane-m3/;25647;Стабилизатор Zhiyun CRANE-M3;Zhiyun;12 (мес.);Компания Zhiyun представляет новый стабилизатор в зарекомендовавшей себя по всему миру серии CRANE, обладающий компактными размерами, встроенным источником света и возможностью подключения внешних микрофонов. Crane-M3 предлагает беспрецедентные для индустрии решения и способен работать со смартфонами, экшн-камерами и подавляющим большинством беззеркальных камер с множеством объективов. Портативность, мощные моторы и универсальность — вот что лучше всего характеризует стабилизатор CRANE-M3. Компактный дизайн и эргономичная рукоятка обеспечивает удобство удержания и использования. Благодаря инновационному встроенному источнику света с возможностью изменения цветовой температуры и возможностям подключения профессиональных микрофонов стабилизатор CRANE-M3 обеспечивает отличную съемку без дополнительного оборудования. Инновационный встроенный светодиодный источник света уменьшает шумы изображения и устраняет другие искажения, связанные с недостаточной освещенностью сцены. Колесо управления позволяет регулировать яркость и цветовую температуру света. Цветовую гамму можно также корректировать с помощью магнитных светофильтров. Большая яркость обеспечивается за счет инновационной технологии охлаждения, позволяющей быстро отводить тепло. Пиковая мощность источника света: 6 Вт, диапазон цветовой температуры: 3000-5400K, яркость: теплый свет: 650-750 лм, белый свет: 850-950 лм, индекс цветопередачи (CRI): 90+. Модернизированная система с универсальной площадкой крепления упрощает процедуры балансировки, сборки и разборки стабилизатора. Замки осей с поперечной конструкцией закрывают камеру от ладоней оператора и обеспечивают наибольшую эффективность работы. Также представлены новые быстросъемные площадки TransMount для конкретных моделей камер. Они позволяют производить замену батарей, не отсоединяя площадку от камеры и не нарушая балансировку стабилизатора. Модернизированная система с универсальной площадкой крепления упрощает процедуры балансировки, сборки и разборки стабилизатора. Замки осей с поперечной конструкцией закрывают камеру от ладоней оператора и обеспечивают наибольшую эффективность работы. Также представлены новые быстросъемные площадки TransMount для конкретных моделей камер. Они позволяют производить замену батарей, не отсоединяя площадку от камеры и не нарушая балансировку стабилизатора. Аудиоразъем 6,5мм поддерживает подключение профессиональных микрофонов с кардиоидной и гиперкардиоидной диаграммой направленности для четкой записи звука. Требуется дополнительный адаптер для микрофона TransMount Expansion Base. Управляйте камерой со стабилизатора без проводов при помощи специального модуля bluetooth, который может быть сопряжен со стабилизатором. При совместимости с протоколом управления камерой стабилизатор поддерживает управление фотосъемкой, видеосъемкой, фокусировкой и регулировку цифрового/оптического зума (Проверьте совместимость моделей камер и функций в списке совместимости). Crane-M3 поддерживает спецификацию USB Power Delivery (PD)*. Время полной зарядки можно сократить до 2 часов, а максимальное время работы может достигать 8 часов. Стабилизатор способен работать во время зарядки. Поддерживает спецификацию USB Power Delivery (PD). Максимальные значения PD: 12 Вт. ;Дополнительные функции :подключение микрофонаОсобенности конструкции :встроенный дисплей, подсветкаЁмкость аккумулятора :1150 мАчНапряжение :12.6 ВВремя работы :8 чВремя зарядки :2 чБыстрая зарядка :Power DeliveryВход :12 ВтПоворот оси Tilt :309 °Поворот оси Roll :333 °Поворот оси Pan :360 °Артикул производителя :C020116GСтрана-производитель :КитайГарантия :12 (мес.)Вес с упаковкой :1235 г;29990;;Стабилизаторы
https://kremlinstore.ru/product/moza-mini-p/;21214;Стабилизатор MOZA Mini P универсальный;MOZA;12 (мес.);"Новая модель стабилизатора от MOZA получила плоскую площадку универсальных моделей, что позволяет установить смартфон, компактную камеру, легкую беззеркалку или экшн камеру. При этом, стедикам имеет складную конструкцию и в сложенном положении не превышает размер книги. Так, его очень удобно брать с собой даже в дальнее путешествие. Mnin-P имеет максимальную нагрузку в 900 грамм и способен работать до 20 часов подряд на одном заряде. В комплект новинки добавлена специальная L-образная площадка, благодаря чему вы сможете установить в вертикальном положении даже камеру. Изменить положение очень просто, достаточно лишь снять площадку и перевернуть её. При подключении некоторых моделей камер к Mini-P будет доступно управление прямо с рукоятки. Список совместимых камер и объективов можно посмотреть в разделе ""полезное"". ";Особенности конструкции :складная конструкцияНагрузка :130 — 900 гПитание :встроенный аккумуляторЁмкость аккумулятора :2000 мАчНапряжение :7.4 ВВремя работы :20 чВход :5В/1A, 9В/2A, 12В/1.5AПоворот оси Tilt :330 °Поворот оси Roll :330 °Поворот оси Pan :360 °Режимы съёмки :Inception/Vortex, FPVГабариты :305 ? 166 ? 51 ммГабариты в сложенном состоянии :198 ? 166 ? 102 ммВес без упаковки :710 гАртикул производителя :MPG02Страна-производитель :КитайГарантия :12 (мес.)Вес с упаковкой :1080 г;20390;;Стабилизаторы
https://kremlinstore.ru/product/stabilizator-zhiyun-crane-m3-combo-kit/;25648;Стабилизатор Zhiyun CRANE-M3 COMBO;Zhiyun;12 (мес.);Компания Zhiyun представляет новый стабилизатор в зарекомендовавшей себя по всему миру серии CRANE, обладающий компактными размерами, встроенным источником света и возможностью подключения внешних микрофонов. Crane-M3 предлагает беспрецедентные для индустрии решения и способен работать со смартфонами, экшн-камерами и подавляющим большинством беззеркальных камер с множеством объективов. Портативность, мощные моторы и универсальность — вот что лучше всего характеризует стабилизатор CRANE-M3. Компактный дизайн и эргономичная рукоятка обеспечивает удобство удержания и использования. Благодаря инновационному встроенному источнику света с возможностью изменения цветовой температуры и возможностям подключения профессиональных микрофонов стабилизатор CRANE-M3 обеспечивает отличную съемку без дополнительного оборудования. Инновационный встроенный светодиодный источник света уменьшает шумы изображения и устраняет другие искажения, связанные с недостаточной освещенностью сцены. Колесо управления позволяет регулировать яркость и цветовую температуру света. Цветовую гамму можно также корректировать с помощью магнитных светофильтров. Большая яркость обеспечивается за счет инновационной технологии охлаждения, позволяющей быстро отводить тепло. Пиковая мощность источника света: 6 Вт, диапазон цветовой температуры: 3000-5400K, яркость: теплый свет: 650-750 лм, белый свет: 850-950 лм, индекс цветопередачи (CRI): 90+. Модернизированная система с универсальной площадкой крепления упрощает процедуры балансировки, сборки и разборки стабилизатора. Замки осей с поперечной конструкцией закрывают камеру от ладоней оператора и обеспечивают наибольшую эффективность работы. Также представлены новые быстросъемные площадки TransMount для конкретных моделей камер. Они позволяют производить замену батарей, не отсоединяя площадку от камеры и не нарушая балансировку стабилизатора. Встроенный сенсорный экран с диагональю 1,22 дюйма позволяет настраивать параметры съемки (режим работы стабилизатора, скорость реакции на движение и другие параметры). Благодаря удобному расположению экрана стабилизатором можно управлять одной рукой. Аудиоразъем 6,5мм поддерживает подключение профессиональных микрофонов с кардиоидной и гиперкардиоидной диаграммой направленности для четкой записи звука. Требуется дополнительный адаптер для микрофона TransMount Expansion Base. Управляйте камерой со стабилизатора без проводов при помощи специального модуля bluetooth, который может быть сопряжен со стабилизатором. При совместимости с протоколом управления камерой стабилизатор поддерживает управление фотосъемкой, видеосъемкой, фокусировкой и регулировку цифрового/оптического зума (Проверьте совместимость моделей камер и функций в списке совместимости). ;ополнительные функции :подключение микрофонаОсобенности конструкции :встроенный дисплей, подсветкаЁмкость аккумулятора :1150 мАчНапряжение :12.6 ВВремя работы :8 чВремя зарядки :2 чБыстрая зарядка :Power DeliveryВход :12 ВтПоворот оси Tilt :309 °Поворот оси Roll :333 °Поворот оси Pan :360 °Артикул производителя :C020116GCBСтрана-производитель :КитайГарантия :12 (мес.)Вес с упаковкой :1300 г;35990;;Стабилизаторы
https://kremlinstore.ru/product/dk-sd/;24676;Стабилизатор Sirui DUKEN Switch X Perk B Тёмный серый;Sirui;12 (мес.);Switch X - это мобильный двухосевой стабилизатор, настольный штатив и монопод в одном компактном корпусе! Складная конструкция позволяет взять устройство с собой на прогулку или в дальнее путешествие и оно не займет много места. Отличительной особенностью стала рукоятка! Её нижняя часть раскладывается на три ножки, что избавляет от необходимости накручивать треногу. Телескопическая ручка превращает Switch X в монопод или позволяет поднять смартфон повыше в режиме штатива. Держатель для смартфона имеет быстросъёмную конструкцию. Чтобы отсоединить его, достаточно лишь небольшого поворота. Так вы сэкономите время на мучительной установке гаджета. Подойдут смартфоны до 240 г, шириной до 88 мм и толщиной не более 10 мм. Всё необходимое для управления находится на рукоятке. Джойстиком можно управлять направление камеры, а кнопка M поможет быстро поменять режим съёмки. Сделать селфи или поменять ориентацию смартфона можно одним нажатеим. ;Особенности конструкции :складная конструкция, телескопическая ручка, быстросъёмный держательНагрузка :— 240 гШирина захвата :68 — 88 ммПитание :встроенный аккумуляторЁмкость аккумулятора :1000 мАчВремя работы :8 чВремя зарядки :1.5 чПоворот оси Roll :330 °Поворот оси Pan :326 °Габариты в сложенном состоянии :155 ? 90 ? 72 ммВес без упаковки :298 гАртикул производителя :DK-SDВНИМАНИЕ :для первого включения необходима активация в приложенииСтрана-производитель :КитайГарантия :12 (мес.)Вес с упаковкой :410 г;4490;;Стабилизаторы
https://kremlinstore.ru/product/stabilizator-zhiyun-smooth-q3-combo/;24118;Стабилизатор Zhiyun Smooth-Q3 Combo;Zhiyun;12 (мес.);Стабилизатор Smooth-Q3 стал более компактным и легким по сравнению с Smooth-Q2, при более высокой грузоподъемности. Размеры стабилизатора в сложенном виде составляют 180 x 136 x 40 мм, при собственном весе 340 г он может выдержать нагрузку 280 г. Эргономичный дизайн и понятная система управления позволяют снимать более плавное видео. Обновленный дизайн и конструктив позволяет легко и быстро переходить из пейзажной ориентации смартфона в портретную, а также вести съемку сверхширокоугольными объективам. Раздвижную конструкцию стабилизатора можно максимально легко и быстро привести в рабочее положение. Расположение плеч позволяет вести съемку сверхширокоугольными объективами смартфонов, запечатлевая потрясающие пейзажи. А переключиться в портретный режим можно при помощи трехкратного нажатия функциональной кнопки на передней части рукоятки. Также добавлены кнопки управления зумом. Стабилизатор позволяет успешно провести съемку даже при плохом освещении благодаря источнику заполняющего света, который расположен в верхней части держателя смартфона. Три уровня яркости и возможность поворота на 180 градусов позволяют использовать подсветку при съемке как основными камерами, так и фронтальной. Управляйте съемкой с помощью жестов и снимайте групповые сюжеты или автопортреты без необходимости включать таймер автоспуска. Функцию можно использовать в различных режимах съемки. Используйте функционал слежения SmartFollow 3.0 одним касанием в приложении, чтобы стабилизатор удерживал объект съемки в поле зрения камеры смартфона. Стабилизатор Smooth-Q3 доставит море удовольствия в процессе съемки видео для TikTok, влогов, соцсетей. С помощью нескольких доступных и интуитивно понятных шагов в приложении вы сможете создавать свои собственные кинематографические видеоролики. Вам будут доступны функции, используемые при профессиональной киносъемке (замедленная съемка, замедленное движение, отслеживание объектов, Dolly Zoom и другие).;Дополнительные функции :фонарикОсобенности конструкции :складная конструкцияНагрузка :150 — 280 гШирина захвата :55 — 90 ммПитание :встроенный аккумуляторНапряжение :7.4 ВВремя работы :15 чВремя зарядки :3 чПоворот оси Tilt :340 °Поворот оси Roll :340 °Поворот оси Pan :300 °Габариты :90 ? 127 ? 279 ммГабариты в сложенном состоянии :45 ? 154 ? 180 ммВес без упаковки :340 гМатериал :АБС пластикАртикул производителя :SMOOTH-Q3-KITСтрана-производитель :КитайГарантия :12 (мес.)Вес с упаковкой :873 г;9490;;Стабилизаторы
https://kremlinstore.ru/product/stabilizator-zhiyun-crane-2s/;21270;Стабилизатор Zhiyun Crane 2S;Zhiyun;12 (мес.);"Компания Zhiyun представляет новый 3-х осевой профессиональный стабилизатор Crane 2S. Новая модель позволяет работать с тяжелыми камерами, имеет модульную конструкцию и способна обеспечить стабильную работу и высокую производительность в сложных условиях съемки. Алгоритм Instune 9-го поколения повышает чувствительность каждой оси, обеспечивая плавную и динамичную стабилизацию. Благодаря мощным моторам стабилизатор Crane 2S легко справляется с тяжелыми камерами, такими как BMPCC 6K, Panasonic S1H, Canon EOS 1DX Mark II. Более того, стабилизатор позволяет использовать камеру вместе с другими аксессуарами (Информация о совместимых камерах и объективах доступна в таблице совместимости). В модели Crane 2S используется новый механизм крепления площадок FlexMount, который значительно упрощает процесс настройки и одновременно обеспечивает надежную фиксацию камеры с помощью механизма двойной защиты. Более того, вы можете настроить степень жесткости фиксации крепления. В стандартную комплектацию Crane 2S входят быстросъемная вертикальная площадка и крепление для безопасной установки камеры для вертикальной съемки. При вертикальной съемке рекомендуется использовать подставку для объектива. Если требуется опора для камеры, то быстросъемную площадку можно закрепить с помощью двух винтов из комплекта поставки. Если для корректной установки камеры требуется подставка, ее необходимо закрепить на быстросъемной площадке двумя винтами, идущими в комплекте. Стабилизатор Crane 2S имеет слот для установки модуля передачи видео, а также имеет несколько резьбовых отверстий для подключения дополнительных устройств: одно резьбовое отверстие 1/4"" с обратной стороны быстросъемной монтажной площадки для камеры, позволяющее попеременно использовать различные устройства, такие как направляющие рельсы и штатив, два резьбовых отверстия 1/4"" и одно резьбовое отверстие 3/8"" на корпусе стабилизатора, что позволяет укомплектовать стабилизатор в соответствии с поставленными задачами. ";Снят с производства :ДаОсобенности конструкции :встроенный дисплей, блокировка осейПитание :аккумулятор 18650 х3Ёмкость аккумулятора :7800 мАчНапряжение :11 ВВремя работы :12 чВремя зарядки :3 чПоворот оси Tilt :215 °Поворот оси Roll :70 °Поворот оси Pan :360 °Режимы съёмки :Dolly Zoom/Vertigo/Hitchcock zoom, Panorama, Timelapse, Hyper Timelapse, Motion Timelapse, All Following, Pan Following, Locking, POVГабариты :453 ? 230 ? 68 ммВес без упаковки :1880 гТемпературный диапазон :-10/45°САртикул производителя :C020113INTСтрана-производитель :КитайГарантия :12 (мес.)Вес с упаковкой :3190 г;47490;;Стабилизаторы
https://kremlinstore.ru/product/stabilizator-zhiyun-smooth-q3/;24117;Стабилизатор Zhiyun Smooth-Q3;Zhiyun;12 (мес.);Стабилизатор Smooth-Q3 стал более компактным и легким по сравнению с Smooth-Q2, при более высокой грузоподъемности. Размеры стабилизатора в сложенном виде составляют 180 x 136 x 40 мм, при собственном весе 340 г он может выдержать нагрузку 280 г. Эргономичный дизайн и понятная система управления позволяют снимать более плавное видео. Обновленный дизайн и конструктив позволяет легко и быстро переходить из пейзажной ориентации смартфона в портретную, а также вести съемку сверхширокоугольными объективами. Раздвижную конструкцию стабилизатора можно максимально легко и быстро привести в рабочее положение. Расположение плеч позволяет вести съемку сверхширокоугольными объективами смартфонов, запечатлевая потрясающие пейзажи. А переключиться в портретный режим можно при помощи трехкратного нажатия функциональной кнопки на передней части рукоятки. Также добавлены кнопки управления зумом. Стабилизатор позволяет успешно провести съемку даже при плохом освещении благодаря источнику заполняющего света, который расположен в верхней части держателя смартфона. Три уровня яркости и возможность поворота на 180 градусов позволяют использовать подсветку при съемке как основными камерами, так и фронтальной. Управляйте съемкой с помощью жестов и снимайте групповые сюжеты или автопортреты без необходимости включать таймер автоспуска. Функцию можно использовать в различных режимах съемки. ;Дополнительные функции :фонарикОсобенности конструкции :складная конструкцияНагрузка :150 — 280 гШирина захвата :55 — 90 ммПитание :встроенный аккумуляторНапряжение :7.4 ВВремя работы :15 чВремя зарядки :3 чПоворот оси Tilt :340 °Поворот оси Roll :340 °Поворот оси Pan :300 °Габариты :90 ? 127 ? 279 ммГабариты в сложенном состоянии :45 ? 154 ? 180 ммВес без упаковки :340 гМатериал :АБС пластикАртикул производителя :Smooth-Q3Страна-производитель :КитайГарантия :12 (мес.)Вес с упаковкой :731 г;7990;;Стабилизаторы
https://kremlinstore.ru/product/stabilizator-zhiyun-crane-3s-e/;24293;Стабилизатор Zhiyun Crane 3S-E;Zhiyun;12 (мес.);В условиях современного кинопроизводства постоянно изменяющаяся съемочная обстановка требует гибкости в выборе комбинаций оборудования, а также все более компактных решений для его установки или стабилизации. Компания Zhiyun, отвечая на эти вызовы, решает усовершенствовать серию стабилизаторов Crane. Представляем новый стабилизатор Zhiyun Crane 3S для зеркальных, беззеркальных и кинокамер. Он создан на основании многолетнего опыта компании и отличается сверхмощными моторами и инновационным модульным дизайном, позволяющим использовать стабилизатор для решения множества различных задач съемки. В стабилизатор установлены новые сверхмощные моторы, способные стабилизировать приведенную нагрузку до 6.5 кг. Для связок «камера+объектив» большого размера плечо оси крена стабилизатора можно удлинить, присоединив планку расширения плеча. Для моделей меньшего размера эту планку можно снять, сделав стабилизатор более компактным. Стабилизатор оборудован съемной верхней рукояткой, которая может быть двух видов: рукоятка TransMount EasySling Handle, обеспечивающая компактность стабилизатора, и рукоятка SmartSling Handle, оборудованная панелью управления и OLED-дисплеем. Корпус стабилизатора оборудован большим количеством резьбовых отверстий для крепления широкого набора оборудования – моторизированной тележки, операторского крана, тросового подвеса, видеообвеса Easyrig и других необходимых элементов киносъемочного процесса. Crane 3S обладает разъемом для внешнего питания (25.2 В постоянного тока). Батарейный блок питания TransMount PowerPlus Battery Pack вмещает 6 батарей типа 18650 и обеспечивает увеличенное время работы стабилизатора*, а также может выступать источником питания для других Ваших устройств. *При питании от установленных в корпус батарей стабилизатор Crane 3S способен работать до 12 часов, а при питании от блока TransMount PowerPlus Battery Pack время работы увеличится до 18 ч. Плечо оси крена стабилизатора наклонено под углом 55 градусов и оставляет больше пространства для визирования по ЖК-дисплею, а также для установки оборудования большего размера. Для улучшения качества работы с кинооборудованием список совместимых связок «камера+объектив» расширен. Ручная фокусировка и изменение фокусного расстояния могут производиться одновременно при помощи колеса фокусировки на корпусе стабилизатора и колеса на верхней рукоятке SmartSling Handle. ;Особенности конструкции :блокировка осейНагрузка :600 — 6500 гПитание :аккумулятор 18650 х3Напряжение :5 ВВремя работы :12 чВремя зарядки :4 чПоворот оси Tilt :330 °Поворот оси Roll :330 °Поворот оси Pan :360 °Габариты :346 ? 98 ? 344 ммВес без упаковки :2500 гТемпературный диапазон :-10°/45°САртикул производителя :Crane 3S-EСтрана-производитель :КитайГарантия :12 (мес.)Вес с упаковкой :4900 г;63990;;Стабилизаторы
https://kremlinstore.ru/product/stabilizator-elektronnyy-zhiyun-smooth-4-dlya-smartfonov-chernyy/;14160;Стабилизатор Zhiyun Smooth 4 для смартфона;Zhiyun; мес;"Zhiyun Smooth 4 - это новый флагман среди мобильных стабилизаторов, обладающий профессиональными инструментами для того, чтобы ""выжать"" максимум из мобильной съемки. Эргономичный дизайн ручки, легкие и прочные композитные материалы в конструкции. Smooth 4 - первый в Мире мобильный стабилизатор с Follow Focus - колесом ручной регулировки фокусировки камеры смартфона. Помимо колеса фоллоу фокуса, на рукоятке стабилизатора имеется диск регулировоки зума, кнопки управления записью, режимами и параметрами съемки. На тыльной стороне рукоятки так же имеется пару селекторов. Стабилизатор имеет самые развитые органы управления на рынке. Стедикам имеет богатые возможности по съемки timelapse - камера делает снимки с определенной периодичностью и склеивает их в эффектный видео ролик. Кроме того вы можете задать определенный сценарий движения смартфона по заданной траектории. Функция автоматического следования позволяет автоматически следить за объектом, даже быстро перемещающемся в кадре. Стабилизатор сам будет поворачиваться в нужном направлении. Наличие входа и выхода на стабилизаторе позволяет заряжать как сам смартфон, так и стабилизатор от внешнего аккумулятора не прерывая процесс съемки. ";Нагрузка :100 — 210 гШирина захвата :— 90 ммВремя работы :12 чВес без упаковки :547 гТемпературный диапазон :-10°/+45°CАртикул производителя :SMA04Страна-производитель :КитайВес с упаковкой :860 г;10339;;Стабилизаторы
https://kremlinstore.ru/product/sirui-ex-bh/;24625;Рукоятка Sirui EX-BH для Exact;Sirui;12 (мес.);Кронштейн с регулируемой конструкцией разработан специально для стабилизатора Sirui Exact. Установите на неё сложенную настольную треногу и вы получите удобную рукоятку для съёмки с низкого ракурса;Гарантия: 12 (мес.) Тип крепления  кронштейн Габариты: 300 ? 53 ? 49 мм Вес товара без упаковки: 176 г Артикул производителя  EX-BH Материал  алюминий Совместимость  Sirui Exact Страна-производитель  Китай Вес: 245 г Имеет крепление  1/4 ;2990;;Аксессуары для стабилизатора
https://kremlinstore.ru/product/dual-channel-wireless-lens-control-handle-for-advanced-ring-grip/;23682;Рукоятка с дистанционным управлением Tilta Dual Channel Wireless Lens Control Handle для Advanced Ring Grip;Tilta;12 (мес.);Рукоятка со встроенной двухканальной системой дистанционного управления. С ее помощью можно с легкостью регулировать фокусировку и производить любые другие настройки. Представленная модель имеет простой интерфейс и кнопки управления, совместима с хватом Advanced Ring Grip, и может быть установлена на другие приспособления;Гарантия: 12 (мес.) Дополнительные функции  дистанционное управление Особенности конструкции  встроенный дисплей, кнопка спуска Тип крепления  рукоятка Крепление    Cold Shoe, M4 Крепление    ARRI 1/4 , NATO Rail Артикул производителя  TGA-ARG-WCH Материал  алюминий, нержавеющая сталь Совместимость  Tilta Advanced Ring Grip, Nucleus-Nano, Nucleus-M, DJI RS 2, Страна-производитель  Китай Вес: 150 г ;19990;;Аксессуары для стабилизатора
https://kremlinstore.ru/product/side-mounted-cold-shoe-adapter/;22662;Крепление Tilta холодный башмак - NATO для DJI RS2/RS3/RS3 PRO/RSC2;Tilta;12 (мес.);Адаптер-переходник, который с одной стороны имеет крепление NATO, а с другой крепление на холодный башмак. Представленный аксессуар предназначен для установки дополнительных устройств с помощью крепления на холодный башмак;Гарантия: 12 (мес.) Тип крепления  адаптер Габариты: 45 ? 37 ? 27 мм Вес товара без упаковки: 55 г Артикул производителя  TGA-SCA Материал  алюминий, нержавеющая сталь Совместимость  DJI RS2/RS3/RS3 PRO/RSC2 Страна-производитель  Китай Вес: 57 г Имеет крепление  1/4 , Cold Shoe, NATO Rail/Clamp ;1839;;Аксессуары для стабилизатора
https://kremlinstore.ru/product/extended-quick-release-baseplate/;22656;Быстросъёмная площадка Tilta для DJI RS2/RS3/RS3 PRO/RSC2;Tilta;12 (мес.);Быстросъёмная площадка для стабилизатора DJI RS2/RS3/RS3 PRO/RSC2. Представленный комплектующий элемент используется для балансировки более широких камер. Деталь изготовлена из прочного алюминия и нержавеющей стали. Аксессуар рассчитан на длительный срок службы. Способен выдерживать повышенные нагрузки;Гарантия: 12 (мес.) Тип крепления  площадка Артикул производителя  TGA-ERP Материал  алюминий, нержавеющая сталь Совместимость  DJI RS2/RS3/RS3 PRO/RSC2 Страна-производитель  Китай Вес: 56 г Имеет крепление  1/4 , 3/8 ;1839;;Аксессуары для стабилизатора
https://kremlinstore.ru/product/rear-operating-control-handle-for-rs-2/;23242;Рукоятка Tilta с управлением для DJI RS 2;Tilta;12 (мес.);Рукоятка для стабилизатора DJI RS 2 с возможностью подключения и управления функциями устройства. Представленный аксессуар предназначен для выполнения съемки под низким углом. Наличие джойстика обеспечит повышенный комфорт управления камерой. Использует фантомное питание;Гарантия: 12 (мес.) Тип крепления  рукоятка Габариты: 276 ? 154 ? 88 мм Вес товара без упаковки: 340 г Артикул производителя  TGA-ARH Материал  алюминий Совместимость  DJI RS 2 Страна-производитель  Китай Вес: 500 г Имеет крепление  M4 ;22470;;Аксессуары для стабилизатора
https://kremlinstore.ru/product/arigear-dh10-carbon-fiber-extension-pole/;19889;Удлиняющая рукоятка Ulanzi Arigear DH10;Ulanzi;12 (мес.);Удлиняющая ручка, позволяющая снимать с высокого ракурса. Обеспечивает более удобную работу с тяжелым оборудованием за счет удлинения плеча. Аксессуар выполнен из углеродного волокна и алюминиевого сплава, что делает устройство крайне прочным, надежным и удобным в использовании. Длина ручки составляет 36 см, а вес всего 118 г. Подобные габариты помогают снизить нагрузку на руки и сделать процесс фото и видео съемки более комфортным и результативным;Гарантия: 12 (мес.) Тип крепления  рукоятка Габариты: 360 ? 40 ? 40 мм Вес товара без упаковки: 118 г Артикул производителя  1275 Материал  углеродное волокно Страна-производитель  Китай Вес: 200 г Имеет крепление  1/4 ;1490;;Аксессуары для стабилизатора
https://kremlinstore.ru/product/15mm-single-rod-attachment-for-manfrotto-extender-plate/;23684;Крепление Tilta 15mm Single Rod Attachment для Manfrotto Extender Plate;Tilta;12 (мес.);Крепление на быстросъёмную площадку стандартна Manfrotto добавляет возможность установить направляющую диаметром 15 мм для мотора follow focus;Гарантия: 12 (мес.) Тип крепления  крепление Крепление    Rod 15mm Артикул производителя  TGA-SRA Материал  алюминий, нержавеющая сталь Быстросъёмная площадка  Manfrotto Совместимость  DJI RS2/RS3/RS3 PRO/RSC2 Страна-производитель  Китай Вес: 250 г ;2490;;Аксессуары для стабилизатора
https://kremlinstore.ru/product/smallrig-monitor-mount-with-nato-clamp-for-dji-rs-2rsc-2-3026/;23203;Кронштейн SmallRig Monitor Mount 3026 для DJI RS 2/RSC 2;SmallRig;12 (мес.);Держатель для монитора с зажимом NATO. Устройство крепится непосредственно к стабилизатору DJI RS 2/RSC 2;Гарантия: 12 (мес.) Тип крепления  кронштейн Наклон: 165 ° Максимальная нагрузка: 1500 г Габариты: 134 ? 42 ? 52.5 мм Вес товара без упаковки: 113 г Артикул производителя  3026 Материал  алюминий Совместимость  DJI RS 2 / DJI RSC 2 Страна-производитель  Китай Вес: 100 г Имеет крепление  1/4 , NATO Rail/Clamp ;4990;;Аксессуары для стабилизатора
https://kremlinstore.ru/product/smallrig-extended-arca-type-quick-release-plate-for-dji-rs-2-and-rsc-2-gimbal-3162/;24004;Быстросъёмная площадка SmallRig 3162B Extended для DJI RS 2/RSC 2;SmallRig;12 (мес.);Быстросъемная площадка для стабилизаторов DJI RS 2 и RSC 2. В сравнении со стандартной площадкой модель 3162 имеет удлиненную на 25 мм конструкцию, что даёт больше простор в левую и правую сторону, что будет удобно для установки камер нестандартной формы, например BMPCC 4K/6K в клетке;Гарантия: 12 (мес.) Тип крепления  быстросъёмная площадка Габариты: 74 ? 62 ? 15.5 мм Вес товара без упаковки: 63 г Артикул производителя  3162 Материал  алюминий, резина, нержавеющая сталь Быстросъёмная площадка  Arca Swiss Тип  DJI RS 2/RSC 2 Страна-производитель  Китай Вес: 100 г Имеет крепление  1/4 , 3/8 ;1990;;Аксессуары для стабилизатора
https://kremlinstore.ru/product/podstavka-zhiyun-dlya-smooth-q-display-base/;13774;Подставка Zhiyun для Smooth Q Display Base;Zhiyun;12 (мес.);;Артикул производителя  B000095 Страна-производитель  Китай Гарантия: 12 (мес.) Вес: 250 г ;115;;Аксессуары для стабилизатора
https://kremlinstore.ru/product/digitalfoto-single-handle-gimbal-support-vest-with-dual-arm/;19055;Система поддержки DigitalFoto THANOS;DigitalFoto;12 (мес.);;Гарантия: 12 (мес.) Максимальная нагрузка: 5 кг Материал  алюминий Вес товара без упаковки: 2.5 кг Артикул производителя  THANOS Страна-производитель  Китай Вес: 4000 г ;32990;;Аксессуары для стабилизатора
https://kremlinstore.ru/product/digitalfoto-visionbh/;15200;Рукоятка DigitalFoto VISIONBH;DigitalFoto;12 (мес.);Хват с необычным углом крепления для комфортной съёмки со стабилизатором вверх головой. Установив его на дно ручки вы получите более удобный способ удерживания всей конструкции. Модель имеет матричный вид и оснащена множеством отверстий на 1/4 и 3/8, что позволяет установить дополнительное съёмочное оборудование;Гарантия: 12 (мес.) Тип крепления  рукоятка Ориентация  нижняя Крепление    1/4 , 3/8  Крепление    1/4  Артикул производителя  VISIONBH Страна-производитель  Китай Вес: 200 г ;1550;;Аксессуары для стабилизатора
https://kremlinstore.ru/product/moza-ifocus-m/;17200;Мотор MOZA iFocus-M;Moza;12 (мес.);Новая версия мотора системы Follow Focus получила миниатюрные габариты и массу всего в 88 грамм. Благодаря малой массе, iFocus-M проще установить и сбалансировать на стабилизаторе;Гарантия: 12 (мес.) Подключение  2.4G, Multi CAN Питание  Type-C Вес товара без упаковки: 88 г Артикул производителя  MFM01 Крутящий момент  0.25 nm Страна-производитель  Китай Вес: 150 г Имеет крепление  Rod 15mm ;4690;;Аксессуары для стабилизатора
https://kremlinstore.ru/product/digitalfoto/;14798;Ремень DigitalFoto Weight Release Strap+Gimbal Clamp для Ronin-S;DigitalFoto;12 (мес.);;Гарантия: 12 (мес.) Артикул производителя  RS-ST01 Страна-производитель  Китай Вес: 290 г ;1990;;Аксессуары для стабилизатора
https://kremlinstore.ru/product/rs-2-remote-control-handle-for-advanced-ring-grip/;23677;Рукоятка Tilta контроля DJI RS2/RS3 PRO для Advanced Ring Grip;Tilta;12 (мес.);Рукоятка для дистанционного управления стабилизатором DJI RS2/RS3 PRO с возможностью крепления к хватам системы Tilta;Гарантия: 12 (мес.) Дополнительные функции  дистанционное управление Особенности конструкции  кнопка спуска Тип крепления  рукоятка Артикул производителя  TGA-ARG-RCH Материал  алюминий, нержавеющая сталь Совместимость  Advanced Ring Grip Питание  аккумулятор 18650 Страна-производитель  Китай Вес: 648 г Имеет крепление  1/4 , 3/8 , NATO Rail/Clamp, M4 ;20390;;Аксессуары для стабилизатора
https://kremlinstore.ru/product/smallrig-bss2328/;16859;Дополнительное крепление SmallRig BSS2328 для MOZA Air 2;SmallRig;12 (мес.);Модель от SmallRig предназначена для стабилизатора Moza AIr 2 и даёт возможность установить дополнительное съёмочное оборудование без использования массивных обвесов или кронштейнов. Крепление имеет форму квадрата и закрепляется непосредственно под балансирующей системой;Гарантия: 12 (мес.) Тип крепления  крепление Габариты: 82 ? 80 ? 12 мм Вес товара без упаковки: 103 г Артикул производителя  BSS2328 Материал  алюминий Совместимость  MOZA Air 2 Страна-производитель  Китай Вес: 150 г Имеет крепление  1/4 , 3/8 , NATO Rail/Clamp ;4128;;Аксессуары для стабилизатора
https://kremlinstore.ru/product/smallrig-handgrip-for-zhiyun-tech-weebill-s-gimbal-bss2636/;19819;Рукоятка SmallRig BSS2636 для Zhiyun WeeBill-S;SmallRig;12 (мес.);Рукоятка для Zhiyun WeeBill-S предназначена для дополнительной поддержки и крепления аксессуаров к стабилизатору. Эргономичная рукоятка позволяет производить сьемку из разных ракурсов, включая съемку под низким и высоким углом. Так вы можете взять рукоятку монопода в одну руку, а Handgrip for Zhiyun-Tech в другую, чтобы снимать из любого необходимого ракурса;Гарантия: 12 (мес.) Габариты: 150 ? 45 ? 28 мм Вес товара без упаковки: 235 г Артикул производителя  BSS2636C Материал  алюминий Страна-производитель  Китай Вес: 281 г Имеет крепление  1/4 , Cold Shoe, ARRI 3/8 ;5160;;Аксессуары для стабилизатора
https://kremlinstore.ru/product/monitor-mounting-bracket/;22657;Кронштейн Tilta Monitor Mounting Bracket;Tilta;12 (мес.);Монтажный кронштейн для установки небольшого монитора или иного оборудования на стабилизатор или систему риг;Гарантия: 12 (мес.) Тип крепления  кронштейн Крепление    1/4 , ARRI 3/8 , Cold Shoe, NATO Clamp Крепление    1/4  Артикул производителя  TGA-MMB Материал  алюминий, нержавеющая сталь Совместимость  DJI RS2/RS3/RS3 PRO/RSC2 Страна-производитель  Китай Вес: 157 г ;4616;;Аксессуары для стабилизатора
https://kremlinstore.ru/product/23415/;23415;Крепление SmallRig 2851 для мотора фокуса для DJI RS 2/RS 3/RS 3 Pro;SmallRig;12 (мес.);Регулируемый компонент крепления для фиксации мотора фокусировки на площадку SmallRig 3031. Комплектующий элемент имеет отверстие для установки 15-миллиметровых направляющих. Крепление регулируется как по горизонтали, так и по вертикали;Гарантия: 12 (мес.) Тип крепления  крепление Габариты: 58.5 ? 22 ? 59.5 мм Вес товара без упаковки: 56 г Артикул производителя  2851 Материал  алюминий, нержавеющая сталь Совместимость  SmallRig 3031 Страна-производитель  Китай Вес: 70 г Имеет крепление  Rod 15mm ;2735;;Аксессуары для стабилизатора
https://kremlinstore.ru/product/axis-adjustment-locking-plates-for-rs-2/;24174;Фиксатор оси Tilta Axis Adjustment Locking Plates для DJI RS 2;Tilta;;;Артикул производителя  TGA-ALP Совместимость  DJI RS 2 Страна-производитель  Китай Вес: 32 г ;1190;;Аксессуары для стабилизатора
https://kremlinstore.ru/product/smallrig-sling-handgrip-for-dji-rs-2rsc-2-3028/;23211;Рукоятка SmallRig 3028 для DJI RS 2/RSC 2/RS 3/RS 3 Pro/RS 3 mini;SmallRig;12 (мес.);Профессиональная рукоятка - держатель для стедикама DJI RS 2/RSC 2/RS 3/RS 3 Pro/RS 3 mini. С ее помощью можно осуществлять съемку под низким углом. Она значительно минимизирует утомляемость рук при долгой работе. Рукоятка оснащена креплением NATO. Дополнительно предусмотрено несколько резьбовых отверстий 1/4 и ARRI 3/8;Гарантия: 12 (мес.) Тип крепления  держатель Максимальная нагрузка: 6000 г Габариты: 134 ? 42 ? 52.5 мм Вес товара без упаковки: 295 г Артикул производителя  3028B Материал  алюминий, силикон Совместимость  DJI RS 2/RSC 2/RS 3/RS 3 Pro/RS 3 mini Страна-производитель  Китай Вес: 350 г Имеет крепление  1/4 , Cold Shoe, NATO Rail/Clamp, ARRI 3/8 ;6708;;Аксессуары для стабилизатора
https://kremlinstore.ru/product/dual-handle-power-supply-bracket-for-rs-2/;23235;Хват двуручный Tilta Handle Power Supply Bracket для DJI RS2/RS3/RS3 PRO;Tilta;12 (мес.);Двуручный хват с системой питания, позволит максимально комфортно работать со стабилизатором DJI RS2/RS3/RS3 PRO. Питание может производиться от аккумулятора Gold или V-Mount в зависимости от опционного адаптера. Благодаря монтажным отверстиям 1/4 и креплению на холодный башмак можно установить дополнительные аксессуары;Гарантия: 12 (мес.) Тип крепления  двуручный хват Габариты: 466 ? 77 ? 38 мм Вес товара без упаковки: 596 г Артикул производителя  TGA-DHB Материал  алюминий, нержавеющая сталь Совместимость  DJI RS2/RS3/RS3 PRO Страна-производитель  Китай Вес: 690 г Имеет крепление  1/4 , 3/8 , Cold Shoe, ARRI 3/8 ;28434;;Аксессуары для стабилизатора
https://kremlinstore.ru/product/smallrig-arca-type-quick-release-clamp-for-dji-ronin-sronin-sc-and-zhiyun-crane-seriesweebill-s-gimbals-dbc2506/;18577;Зажим SmallRig DBC2506 для быстросъёмной площадки;SmallRig;12 (мес.);;Гарантия: 12 (мес.) Тип крепления  зажим Крепление    1/4  Габариты: 64.6 ? 37.4 ? 15 мм Вес товара без упаковки: 69 г Артикул производителя  DBC2506B Материал  алюминий Быстросъёмная площадка  Arca Swiss Совместимость  DJI RoninS/SC, Zhiyun Crane2/Crane3/Weebill Lab/Weebill S, Moza Air2 Страна-производитель  Китай Вес: 90 г ;2975;;Аксессуары для стабилизатора
https://kremlinstore.ru/product/bss2403/;17232;Площадка со смещением SmallRig BSS2403 Offset Kit для BMPCC 4K/6K;SmallRig;12 (мес.);Специальная площадка имеет подвижную конструкцию, благодаря чему, вы сможете смещать положение установленного оборудования. Модель разработана специально для камер BMPCC 4K/6K и электронных стабилизаторов, и позволяет отбалансировать широкие камеры, чего невозможно достичь в стандартной конфигурации;Гарантия: 12 (мес.) Тип крепления  площадка Габариты: 98 ? 72 ? 18 мм Вес товара без упаковки: 116 г Артикул производителя  BSS2403 Материал  алюминий Совместимость  BBMPCC 4K/6K, DJI Ronin-S, Zhiyun Crane 2, MOZA Air 2 Страна-производитель  Китай Вес: 400 г ;4788;;Аксессуары для стабилизатора
https://kremlinstore.ru/product/rear-operating-handle/;22655;Рукоятка Tilta для DJI RS2/RS3/RS3 PRO/RSC2;Tilta;12 (мес.);Рукоятка для более комфортной работы со стабилизатором DJI RS2/RS3/RS3 PRO/RSC2. Представленный аксессуар имеет крепление на холодный башмак, резьбовые отверстия 1/4 и 3/8 для монтирования дополнительных устройств;Гарантия: 12 (мес.) Тип крепления  рукоятка Артикул производителя  TGA-BRH Материал  алюминий, нержавеющая сталь Совместимость  DJI RS2/RS3/RS3 PRO/RSC2 Страна-производитель  Китай Вес: 150 г Имеет крепление  1/4 , 3/8 , Cold Shoe, ARRI 1/4 ;5542;;Аксессуары для стабилизатора
https://kremlinstore.ru/product/wireless-control-receiver-module-for-rs-2/;24470;Модуль дистанционного управления Tilta Wireless Control для DJI RS2/RS3 PRO;Tilta;12 (мес.);Модуль приемника для беспроводного управления стабилизатором DJI RS2/RS3 PRO. Позволяет осуществлять беспроводное управление подвесом, совместимыми камерами и мотором follow focus;Гарантия: 12 (мес.) Дополнительные функции  дистанционное управление Крепление    NATO Clamp Артикул производителя  TGA-WCR Материал  алюминий, нержавеющая сталь Совместимость  DJI RS2/RS3 PRO Страна-производитель  Китай Вес: 250 г ;8990;;Аксессуары для стабилизатора
https://kremlinstore.ru/product/tilta-gr-v-ch01/;16878;Двуручный хват Tilta GR-V-CH01 для стабилизаторов G серии;Tilta;12 (мес.);Двуручный хват для стабилизаторов Tilta серии G (G1,G2, G2X) помимо возможности более комфортно работать со стабилизатором двумя руками, дает возможность продлить время автономной работы последнего, благодаря возможности установки 8 (по 4 в каждой рукоятке) аккумуляторов типа 18650. Кроме того, на правой рукоятке имеются органы управления функционалом стабилизатора. Благодаря монтажным отверстиям 1/4 дюйма, arri rosette, четвертьдюймовым винтам и холодным башмакам, имеются богатые возможности по установке доп. оборудования.;Гарантия: 12 (мес.) Артикул производителя  GR-V-CH01 Страна-производитель  Китай Вес: 972 г ;22350;;Аксессуары для стабилизатора
https://kremlinstore.ru/product/fujimi-fjsp-1v/;16435;Плечевой упор FUJIMI FJSP-1V;FUJIMI;12 (мес.);Компактный складной плечевой упор для профессиональной съёмки позволяет снять нагрузку с рук и плеч, благодаря распределению нагрузки на корпус. Для большей надежности предусмотрен дополнительный плечевой ремень;Гарантия: 12 (мес.) Артикул производителя  FJSP-1V Страна-производитель  Китай Вес: 1238 г ;3380;;Аксессуары для стабилизатора
https://kremlinstore.ru/product/battery-plate-for-rs-2-power-pass-through-plate---gold-mount/;24177;Батарейная площадка Tilta для DJI RS 2 (Gold Mount);Tilta;12 (мес.);Батарейная площадка для стабилизатора DJI RS 2 с адаптером для установки аккумулятора типа Gold Mount. Деталь позволяет выбрать наиболее удобный способ питания и спроектирована для работы с системами Tilta Hydra Alien и Float System;Гарантия: 12 (мес.) Особенности конструкции  адаптер Gold Mount Тип крепления  площадка Артикул производителя  TGA-PPP-AB Совместимость  DJI RS 2 Страна-производитель  Китай Вес: 165 г ;7490;;Аксессуары для стабилизатора
https://kremlinstore.ru/product/battery-plate-to-rs-2-power-pass-through-plate-kit---gold-mount/;24179;Батарейная площадка Tilta для DJI RS 2 Gold Mount;Tilta;12 (мес.);Батарейная площадка с адаптером для аккумулятора Gold mount. Деталь устанавливается вместо родной площадки стабилизатора DJI RS 2 для обеспечения дополнительного питания установленного оборудования. Имеет несколько выходных портов питания 2 Pin Lemo и P-Tap;Гарантия: 12 (мес.) Особенности конструкции  адаптер Gold Mount Артикул производителя  TGA-PPK-AB Материал  алюминий, натуральная кожа Совместимость  DJI RS 2 Выходы питания  D-Tap, Lemo 2 pin - 14.8 В Страна-производитель  Китай Вес: 165 г ;17490;;Аксессуары для стабилизатора
